"Janâ€‰1, year",AL,AK,AZ,AR,CA,CO,CT,DE,FL,GA,HI,ID,IL,IN,IA,KS,KY,LA,ME,MD,MA,MI,MN,MS,MO,MT,NE,NV,NH,NJ,NM,NY,NC,ND,OH,OK,OR,PA,RI,SC,SD,TN,TX,UT,VT,VA,WA,WV,WI,WY,"DC
"
1900,"1,830,000",n/a,"124,000","1,314,000","1,490,000","543,000","910,000","185,000","530,000","2,220,000",n/a,"163,000","4,828,000","2,518,000","2,231,000","1,473,000","2,148,000","1,384,000","695,000","1,189,000","2,788,000","2,423,000","1,754,000","1,553,000","3,108,000","245,000","1,067,000","43,000","412,000","1,884,000","196,000","7,283,000","1,897,000","321,000","4,161,000","800,000","415,000","6,313,000","430,000","1,342,000","403,000","2,023,000","3,055,000","277,000","344,000","1,858,000","523,000","959,000","2,072,000","93,000","278,000
"
1901,"1,907,000",n/a,"131,000","1,341,000","1,550,000","581,000","931,000","187,000","544,000","2,263,000",n/a,"176,000","4,914,000","2,541,000","2,227,000","1,490,000","2,162,000","1,412,000","699,000","1,200,000","2,794,000","2,450,000","1,805,000","1,578,000","3,128,000","261,000","1,078,000","45,000","412,000","1,889,000","206,000","7,449,000","1,926,000","346,000","4,216,000","916,000","434,000","6,439,000","441,000","1,361,000","418,000","2,041,000","3,132,000","284,000","347,000","1,887,000","583,000","972,000","2,109,000","100,000","285,000
"
1902,"1,935,000",n/a,"138,000","1,360,000","1,623,000","621,000","952,000","188,000","565,000","2,305,000",n/a,"199,000","4,992,000","2,567,000","2,222,000","1,505,000","2,177,000","1,440,000","703,000","1,210,000","2,856,000","2,477,000","1,862,000","1,603,000","3,147,000","270,000","1,089,000","49,000","409,000","1,917,000","218,000","7,612,000","1,956,000","371,000","4,322,000","1,027,000","454,000","6,567,000","450,000","1,379,000","431,000","2,060,000","3,210,000","292,000","349,000","1,894,000","651,000","1,000,000","2,141,000","105,000","290,000
"
1903,"1,957,000",n/a,"144,000","1,384,000","1,702,000","652,000","972,000","190,000","587,000","2,346,000",n/a,"216,000","5,071,000","2,594,000","2,217,000","1,498,000","2,191,000","1,467,000","709,000","1,209,000","2,924,000","2,505,000","1,901,000","1,628,000","3,166,000","282,000","1,104,000","52,000","394,000","1,969,000","229,000","7,771,000","1,986,000","396,000","4,386,000","1,118,000","479,000","6,699,000","460,000","1,397,000","437,000","2,082,000","3,291,000","299,000","350,000","1,890,000","719,000","1,037,000","2,171,000","108,000","295,000
"
1904,"1,978,000",n/a,"151,000","1,419,000","1,792,000","659,000","987,000","192,000","599,000","2,387,000",n/a,"229,000","5,161,000","2,614,000","2,212,000","1,527,000","2,205,000","1,495,000","719,000","1,217,000","2,969,000","2,534,000","1,945,000","1,653,000","3,185,000","293,000","1,119,000","56,000","407,000","2,050,000","242,000","7,927,000","2,017,000","421,000","4,458,000","1,200,000","504,000","6,833,000","471,000","1,415,000","452,000","2,086,000","3,374,000","308,000","353,000","1,889,000","782,000","1,064,000","2,202,000","111,000","302,000
"
1905,"2,012,000",n/a,"158,000","1,447,000","1,893,000","680,000","1,010,000","194,000","615,000","2,427,000",n/a,"246,000","5,241,000","2,635,000","2,211,000","1,555,000","2,220,000","1,523,000","723,000","1,237,000","3,018,000","2,579,000","1,981,000","1,678,000","3,204,000","305,000","1,129,000","59,000","423,000","2,151,000","255,000","8,084,000","2,051,000","446,000","4,530,000","1,277,000","530,000","6,970,000","481,000","1,433,000","461,000","2,111,000","3,459,000","316,000","354,000","1,917,000","842,000","1,094,000","2,231,000","114,000","308,000
"
1906,"2,045,000",n/a,"167,000","1,465,000","1,976,000","707,000","1,033,000","196,000","628,000","2,466,000",n/a,"262,000","5,309,000","2,663,000","2,214,000","1,576,000","2,234,000","1,551,000","729,000","1,251,000","3,107,000","2,626,000","1,987,000","1,703,000","3,223,000","322,000","1,138,000","64,000","415,000","2,239,000","269,000","8,289,000","2,077,000","474,000","4,587,000","1,349,000","555,000","7,110,000","492,000","1,451,000","477,000","2,136,000","3,546,000","327,000","355,000","1,942,000","904,000","1,122,000","2,250,000","118,000","313,000
"
1907,"2,058,000",n/a,"176,000","1,484,000","2,054,000","733,000","1,057,000","197,000","645,000","2,505,000",n/a,"277,000","5,384,000","2,679,000","2,217,000","1,612,000","2,249,000","1,579,000","731,000","1,257,000","3,183,000","2,693,000","1,995,000","1,728,000","3,242,000","332,000","1,149,000","68,000","423,000","2,314,000","283,000","8,499,000","2,105,000","501,000","4,630,000","1,414,000","580,000","7,253,000","505,000","1,468,000","498,000","2,136,000","3,636,000","339,000","355,000","1,952,000","967,000","1,149,000","2,268,000","125,000","317,000
"
1908,"2,070,000",n/a,"186,000","1,513,000","2,161,000","757,000","1,077,000","199,000","684,000","2,543,000",n/a,"291,000","5,474,000","2,677,000","2,220,000","1,629,000","2,263,000","1,607,000","735,000","1,269,000","3,251,000","2,722,000","2,020,000","1,753,000","3,260,000","346,000","1,161,000","73,000","428,000","2,403,000","298,000","8,714,000","2,142,000","528,000","4,677,000","1,498,000","610,000","7,398,000","519,000","1,485,000","527,000","2,164,000","3,727,000","351,000","354,000","1,994,000","1,028,000","1,174,000","2,292,000","133,000","321,000
"
1909,"2,108,000",n/a,"196,000","1,545,000","2,282,000","775,000","1,097,000","201,000","724,000","2,580,000",n/a,"311,000","5,567,000","2,678,000","2,223,000","1,658,000","2,278,000","1,634,000","740,000","1,289,000","3,316,000","2,771,000","2,051,000","1,777,000","3,279,000","363,000","1,177,000","78,000","431,000","2,487,000","314,000","8,935,000","2,174,000","555,000","4,701,000","1,585,000","643,000","7,546,000","532,000","1,502,000","553,000","2,177,000","3,821,000","363,000","356,000","2,038,000","1,091,000","1,203,000","2,317,000","141,000","327,000
"
1910,"2,150,000",n/a,"206,000","1,583,000","2,406,000","804,000","1,122,000","203,000","756,000","2,618,000",n/a,"329,000","5,668,000","2,713,000","2,228,000","1,692,000","2,299,000","1,667,000","745,000","1,302,000","3,365,000","2,832,000","2,086,000","1,802,000","3,301,000","380,000","1,198,000","82,000","431,000","2,550,000","329,000","9,137,000","2,221,000","580,000","4,786,000","1,671,000","677,000","7,706,000","545,000","1,523,000","590,000","2,191,000","3,922,000","377,000","357,000","2,071,000","1,148,000","1,231,000","2,345,000","147,000","334,000
"
1911,"2,185,000",n/a,"212,000","1,610,000","2,534,000","821,000","1,149,000","207,000","773,000","2,644,000",n/a,"343,000","5,757,000","2,751,000","2,249,000","1,684,000","2,324,000","1,695,000","751,000","1,324,000","3,383,000","2,916,000","2,119,000","1,810,000","3,317,000","397,000","1,216,000","81,000","432,000","2,610,000","334,000","9,249,000","2,276,000","584,000","4,821,000","1,714,000","692,000","7,850,000","556,000","1,548,000","602,000","2,197,000","4,016,000","387,000","358,000","2,092,000","1,167,000","1,266,000","2,369,000","150,000","344,000
"
1912,"2,217,000",n/a,"217,000","1,636,000","2,668,000","832,000","1,176,000","209,000","801,000","2,676,000",n/a,"359,000","5,828,000","2,785,000","2,279,000","1,671,000","2,347,000","1,709,000","753,000","1,345,000","3,440,000","2,997,000","2,147,000","1,817,000","3,344,000","414,000","1,232,000","81,000","434,000","2,670,000","338,000","9,361,000","2,313,000","603,000","4,893,000","1,737,000","706,000","7,986,000","567,000","1,572,000","592,000","2,218,000","4,107,000","399,000","359,000","2,122,000","1,184,000","1,291,000","2,407,000","153,000","340,000
"
1913,"2,279,000",n/a,"236,000","1,664,000","2,811,000","835,000","1,208,000","213,000","828,000","2,733,000",n/a,"371,000","5,961,000","2,824,000","2,305,000","1,663,000","2,374,000","1,727,000","763,000","1,368,000","3,534,000","3,101,000","2,190,000","1,827,000","3,409,000","433,000","1,246,000","82,000","439,000","2,729,000","344,000","9,473,000","2,362,000","609,000","4,997,000","1,777,000","722,000","8,139,000","578,000","1,599,000","584,000","2,257,000","4,207,000","410,000","361,000","2,176,000","1,209,000","1,317,000","2,438,000","157,000","358,000
"
1914,"2,336,000",n/a,"253,000","1,688,000","2,934,000","846,000","1,233,000","216,000","871,000","2,776,000",n/a,"384,000","6,109,000","2,857,000","2,338,000","1,662,000","2,395,000","1,740,000","772,000","1,389,000","3,636,000","3,183,000","2,234,000","1,832,000","3,467,000","452,000","1,264,000","83,000","442,000","2,789,000","348,000","9,585,000","2,421,000","620,000","5,109,000","1,824,000","736,000","8,276,000","589,000","1,622,000","581,000","2,289,000","4,300,000","422,000","362,000","2,241,000","1,231,000","1,362,000","2,490,000","163,000","368,000
"
1915,"2,345,000",n/a,"263,000","1,702,000","3,008,000","868,000","1,258,000","217,000","922,000","2,810,000",n/a,"394,000","6,194,000","2,873,000","2,366,000","1,687,000","2,401,000","1,755,000","774,000","1,401,000","3,705,000","3,263,000","2,273,000","1,826,000","3,492,000","469,000","1,272,000","82,000","443,000","2,850,000","351,000","9,700,000","2,473,000","641,000","5,251,000","1,860,000","745,000","8,362,000","597,000","1,635,000","585,000","2,294,000","4,368,000","430,000","360,000","2,294,000","1,239,000","1,387,000","2,535,000","167,000","361,000
"
1916,"2,359,000",n/a,"282,000","1,719,000","3,071,000","892,000","1,294,000","219,000","924,000","2,856,000",n/a,"405,000","6,274,000","2,897,000","2,376,000","1,727,000","2,411,000","1,799,000","775,000","1,415,000","3,726,000","3,353,000","2,308,000","1,823,000","3,527,000","487,000","1,275,000","82,000","445,000","2,918,000","354,000","9,848,000","2,513,000","652,000","5,366,000","1,907,000","756,000","8,463,000","598,000","1,650,000","595,000","2,304,000","4,444,000","436,000","360,000","2,316,000","1,255,000","1,414,000","2,562,000","174,000","360,000
"
1917,"2,361,000",n/a,"311,000","1,737,000","3,171,000","910,000","1,327,000","222,000","895,000","2,885,000",n/a,"413,000","6,313,000","2,910,000","2,382,000","1,748,000","2,421,000","1,795,000","777,000","1,428,000","3,738,000","3,451,000","2,329,000","1,820,000","3,470,000","505,000","1,285,000","81,000","447,000","2,976,000","361,000","9,993,000","2,546,000","661,000","5,510,000","1,960,000","763,000","8,578,000","606,000","1,675,000","599,000","2,331,000","4,563,000","444,000","372,000","2,313,000","1,287,000","1,439,000","2,587,000","186,000","385,000
"
1918,"2,343,000",n/a,"320,000","1,749,000","3,262,000","906,000","1,329,000","220,000","865,000","2,941,000",n/a,"405,000","6,275,000","2,880,000","2,351,000","1,729,000","2,425,000","1,746,000","760,000","1,467,000","3,695,000","3,499,000","2,291,000","1,813,000","3,325,000","501,000","1,266,000","77,000","440,000","3,043,000","382,000","9,936,000","2,522,000","636,000","5,547,000","1,969,000","763,000","8,524,000","604,000","1,746,000","570,000","2,288,000","4,666,000","437,000","352,000","2,359,000","1,341,000","1,438,000","2,597,000","181,000","418,000
"
1919,"2,337,000",n/a,"329,000","1,742,000","3,339,000","938,000","1,359,000","221,000","898,000","2,870,000",n/a,"424,000","6,392,000","2,906,000","2,379,000","1,756,000","2,413,000","1,756,000","762,000","1,445,000","3,785,000","3,591,000","2,346,000","1,790,000","3,371,000","534,000","1,290,000","77,000","443,000","3,136,000","362,000","10,252,000","2,535,000","648,000","5,683,000","2,003,000","774,000","8,643,000","603,000","1,687,000","606,000","2,305,000","4,631,000","446,000","352,000","2,318,000","1,333,000","1,464,000","2,600,000","191,000","445,000
"
1920,"2,359,000",n/a,"340,000","1,756,000","3,554,000","937,000","1,391,000","219,000","962,000","2,926,000",n/a,"433,000","6,663,000","2,947,000","2,400,000","1,769,000","2,421,000","1,813,000","771,000","1,464,000","3,882,000","3,723,000","2,403,000","1,800,000","3,404,000","543,000","1,300,000","78,000","444,000","3,198,000","363,000","10,282,000","2,588,000","646,000","5,799,000","2,055,000","788,000","8,740,000","613,000","1,685,000","640,000","2,329,000","4,723,000","453,000","353,000","2,347,000","1,373,000","1,470,000","2,679,000","197,000","440,000
"
1921,"2,402,000",n/a,"351,000","1,769,000","3,795,000","961,000","1,415,000","216,000","997,000","2,965,000",n/a,"435,000","6,858,000","2,976,000","2,407,000","1,779,000","2,436,000","1,847,000","775,000","1,492,000","3,951,000","3,872,000","2,434,000","1,823,000","3,429,000","546,000","1,309,000","80,000","449,000","3,297,000","370,000","10,416,000","2,651,000","646,000","5,921,000","2,108,000","798,000","8,900,000","629,000","1,693,000","652,000","2,369,000","4,853,000","457,000","355,000","2,395,000","1,405,000","1,485,000","2,722,000","203,000","446,000
"
1922,"2,434,000",n/a,"360,000","1,772,000","3,991,000","965,000","1,431,000","214,000","1,044,000","2,965,000",n/a,"436,000","6,958,000","2,965,000","2,428,000","1,799,000","2,450,000","1,871,000","778,000","1,509,000","4,010,000","3,942,000","2,451,000","1,836,000","3,437,000","543,000","1,312,000","81,000","451,000","3,380,000","375,000","10,589,000","2,700,000","647,000","6,054,000","2,140,000","814,000","8,982,000","644,000","1,692,000","660,000","2,424,000","4,955,000","467,000","354,000","2,412,000","1,415,000","1,498,000","2,761,000","208,000","450,000
"
1923,"2,464,000",n/a,"371,000","1,784,000","4,270,000","984,000","1,455,000","215,000","1,097,000","2,954,000",n/a,"436,000","7,068,000","3,042,000","2,425,000","1,808,000","2,480,000","1,903,000","781,000","1,521,000","4,057,000","4,063,000","2,487,000","1,858,000","3,454,000","538,000","1,321,000","82,000","453,000","3,472,000","382,000","10,752,000","2,761,000","648,000","6,183,000","2,159,000","833,000","9,148,000","656,000","1,699,000","669,000","2,463,000","5,077,000","474,000","354,000","2,423,000","1,433,000","1,526,000","2,803,000","211,000","453,000
"
1924,"2,501,000",n/a,"382,000","1,800,000","4,541,000","1,014,000","1,481,000","219,000","1,160,000","2,920,000",n/a,"434,000","7,215,000","3,086,000","2,420,000","1,807,000","2,531,000","1,939,000","788,000","1,537,000","4,102,000","4,214,000","2,521,000","1,886,000","3,508,000","538,000","1,333,000","84,000","457,000","3,573,000","390,000","10,953,000","2,830,000","642,000","6,319,000","2,179,000","856,000","9,383,000","669,000","1,710,000","673,000","2,502,000","5,210,000","481,000","355,000","2,426,000","1,467,000","1,577,000","2,833,000","215,000","456,000
"
1925,"2,534,000",n/a,"393,000","1,812,000","4,730,000","1,019,000","1,506,000","222,000","1,264,000","2,883,000",n/a,"436,000","7,306,000","3,119,000","2,427,000","1,825,000","2,520,000","1,972,000","792,000","1,556,000","4,154,000","4,331,000","2,540,000","1,910,000","3,526,000","535,000","1,343,000","85,000","459,000","3,664,000","396,000","11,186,000","2,895,000","643,000","6,434,000","2,216,000","883,000","9,478,000","680,000","1,718,000","682,000","2,531,000","5,332,000","487,000","355,000","2,423,000","1,494,000","1,593,000","2,863,000","216,000","461,000
"
1926,"2,567,000",n/a,"403,000","1,826,000","4,929,000","1,016,000","1,531,000","225,000","1,368,000","2,869,000",n/a,"441,000","7,395,000","3,148,000","2,432,000","1,836,000","2,545,000","2,005,000","793,000","1,576,000","4,194,000","4,451,000","2,560,000","1,935,000","3,556,000","531,000","1,353,000","87,000","463,000","3,758,000","403,000","11,257,000","2,959,000","651,000","6,504,000","2,256,000","905,000","9,594,000","681,000","1,726,000","683,000","2,553,000","5,453,000","494,000","356,000","2,419,000","1,516,000","1,623,000","2,892,000","217,000","469,000
"
1927,"2,609,000",n/a,"414,000","1,840,000","5,147,000","1,028,000","1,557,000","229,000","1,418,000","2,891,000",n/a,"447,000","7,519,000","3,191,000","2,441,000","1,836,000","2,551,000","2,039,000","796,000","1,599,000","4,223,000","4,589,000","2,588,000","1,962,000","3,576,000","527,000","1,365,000","88,000","466,000","3,891,000","410,000","11,174,000","3,027,000","657,000","6,577,000","2,306,000","925,000","9,745,000","677,000","1,736,000","682,000","2,608,000","5,577,000","500,000","357,000","2,433,000","1,538,000","1,671,000","2,916,000","219,000","476,000
"
1928,"2,640,000",n/a,"422,000","1,847,000","5,344,000","1,014,000","1,577,000","233,000","1,433,000","2,903,000",n/a,"449,000","7,576,000","3,212,000","2,450,000","1,850,000","2,567,000","2,064,000","797,000","1,610,000","4,217,000","4,665,000","2,592,000","1,981,000","3,601,000","541,000","1,371,000","89,000","468,000","3,968,000","416,000","11,599,000","3,082,000","665,000","6,608,000","2,344,000","936,000","9,802,000","678,000","1,739,000","685,000","2,624,000","5,675,000","504,000","358,000","2,435,000","1,551,000","1,696,000","2,923,000","220,000","479,000
"
1929,"2,644,000",n/a,"430,000","1,852,000","5,531,000","1,008,000","1,594,000","236,000","1,445,000","2,903,000",n/a,"447,000","7,606,000","3,226,000","2,460,000","1,867,000","2,606,000","2,086,000","797,000","1,621,000","4,229,000","4,795,000","2,572,000","1,998,000","3,622,000","524,000","1,375,000","90,000","467,000","3,989,000","420,000","12,171,000","3,133,000","674,000","6,626,000","2,372,000","947,000","9,723,000","684,000","1,739,000","690,000","2,604,000","5,762,000","508,000","359,000","2,425,000","1,555,000","1,717,000","2,934,000","223,000","483,000
"
1930,"2,647,000",n/a,"434,000","1,859,000","5,711,000","1,040,000","1,613,000","239,000","1,471,000","2,910,000",n/a,"447,000","7,644,000","3,242,000","2,475,000","1,883,000","2,623,000","2,105,000","800,000","1,636,000","4,250,000","4,834,000","2,576,000","2,006,000","3,646,000","539,000","1,380,000","92,000","466,000","4,068,000","427,000","12,647,000","3,167,000","682,000","6,662,000","2,401,000","956,000","9,649,000","686,000","1,745,000","693,000","2,619,000","5,844,000","509,000","360,000","2,427,000","1,568,000","1,733,000","2,950,000","226,000","488,000
"
1931,"2,649,000",n/a,"429,000","1,848,000","5,824,000","1,056,000","1,628,000","242,000","1,493,000","2,924,000",n/a,"454,000","7,687,000","3,257,000","2,482,000","1,881,000","2,652,000","2,124,000","807,000","1,657,000","4,248,000","4,798,000","2,614,000","1,994,000","3,711,000","540,000","1,384,000","94,000","470,000","4,120,000","436,000","12,848,000","3,184,000","680,000","6,694,000","2,403,000","966,000","9,707,000","681,000","1,753,000","694,000","2,657,000","5,907,000","513,000","359,000","2,445,000","1,581,000","1,740,000","2,990,000","229,000","504,000
"
1932,"2,653,000",n/a,"426,000","1,836,000","5,894,000","1,066,000","1,637,000","245,000","1,521,000","2,935,000",n/a,"459,000","7,736,000","3,281,000","2,489,000","1,883,000","2,676,000","2,155,000","815,000","1,678,000","4,259,000","4,780,000","2,646,000","2,004,000","3,746,000","540,000","1,386,000","96,000","474,000","4,120,000","441,000","13,001,000","3,227,000","676,000","6,717,000","2,394,000","972,000","9,764,000","677,000","1,748,000","692,000","2,711,000","5,961,000","517,000","358,000","2,452,000","1,584,000","1,747,000","3,021,000","230,000","513,000
"
1933,"2,661,000",n/a,"426,000","1,854,000","5,963,000","1,071,000","1,642,000","248,000","1,552,000","2,950,000",n/a,"464,000","7,768,000","3,304,000","2,495,000","1,877,000","2,698,000","2,178,000","821,000","1,694,000","4,282,000","4,780,000","2,673,000","2,031,000","3,773,000","541,000","1,385,000","96,000","477,000","4,107,000","449,000","13,126,000","3,268,000","674,000","6,740,000","2,392,000","978,000","9,784,000","675,000","1,752,000","690,000","2,747,000","6,014,000","520,000","357,000","2,460,000","1,592,000","1,752,000","3,040,000","230,000","529,000
"
1934,"2,685,000",n/a,"428,000","1,878,000","6,060,000","1,075,000","1,650,000","250,000","1,585,000","2,964,000",n/a,"473,000","7,772,000","3,319,000","2,510,000","1,868,000","2,722,000","2,202,000","829,000","1,710,000","4,305,000","4,798,000","2,695,000","2,050,000","3,784,000","545,000","1,382,000","98,000","480,000","4,089,000","461,000","13,253,000","3,304,000","672,000","6,751,000","2,391,000","985,000","9,795,000","675,000","1,760,000","682,000","2,784,000","6,053,000","522,000","357,000","2,485,000","1,610,000","1,771,000","3,054,000","233,000","568,000
"
1935,"2,719,000",n/a,"434,000","1,890,000","6,175,000","1,078,000","1,666,000","252,000","1,613,000","2,955,000",n/a,"481,000","7,797,000","3,332,000","2,524,000","1,872,000","2,748,000","2,228,000","836,000","1,729,000","4,343,000","4,838,000","2,717,000","2,061,000","3,798,000","550,000","1,375,000","100,000","481,000","4,085,000","475,000","13,375,000","3,323,000","670,000","6,787,000","2,386,000","1,001,000","9,774,000","678,000","1,769,000","674,000","2,798,000","6,123,000","526,000","357,000","2,520,000","1,629,000","1,794,000","3,070,000","237,000","608,000
"
1936,"2,743,000",n/a,"443,000","1,892,000","6,341,000","1,090,000","1,672,000","253,000","1,651,000","2,978,000",n/a,"495,000","7,840,000","3,348,000","2,509,000","1,869,000","2,768,000","2,246,000","840,000","1,745,000","4,355,000","4,889,000","2,734,000","2,072,000","3,801,000","554,000","1,358,000","101,000","481,000","4,084,000","489,000","13,481,000","3,346,000","664,000","6,801,000","2,365,000","1,025,000","9,767,000","686,000","1,781,000","666,000","2,791,000","6,192,000","527,000","357,000","2,552,000","1,653,000","1,808,000","3,082,000","240,000","629,000
"
1937,"2,762,000",n/a,"453,000","1,903,000","6,528,000","1,104,000","1,678,000","254,000","1,709,000","3,037,000",n/a,"507,000","7,857,000","3,374,000","2,498,000","1,856,000","2,784,000","2,257,000","842,000","1,754,000","4,358,000","4,968,000","2,746,000","2,086,000","3,794,000","554,000","1,339,000","103,000","481,000","4,088,000","503,000","13,511,000","3,385,000","655,000","6,809,000","2,334,000","1,048,000","9,790,000","694,000","1,802,000","656,000","2,795,000","6,250,000","529,000","356,000","2,590,000","1,681,000","1,813,000","3,088,000","243,000","616,000
"
1938,"2,787,000",n/a,"466,000","1,928,000","6,656,000","1,112,000","1,684,000","257,000","1,771,000","3,091,000",n/a,"513,000","7,866,000","3,386,000","2,494,000","1,842,000","2,800,000","2,285,000","843,000","1,766,000","4,365,000","5,056,000","2,753,000","2,127,000","3,781,000","552,000","1,326,000","105,000","485,000","4,100,000","513,000","13,512,000","3,440,000","647,000","6,837,000","2,324,000","1,067,000","9,952,000","694,000","1,834,000","649,000","2,821,000","6,301,000","535,000","356,000","2,638,000","1,698,000","1,828,000","3,098,000","246,000","638,000
"
1939,"2,814,000",n/a,"484,000","1,948,000","6,785,000","1,120,000","1,696,000","263,000","1,836,000","3,120,000",n/a,"521,000","7,890,000","3,403,000","2,520,000","1,824,000","2,825,000","2,334,000","846,000","1,793,000","4,347,000","5,156,000","2,771,000","2,168,000","3,783,000","555,000","1,318,000","107,000","490,000","4,129,000","523,000","13,523,000","3,514,000","644,000","6,886,000","2,333,000","1,081,000","9,901,000","701,000","1,872,000","645,000","2,874,000","6,360,000","543,000","358,000","2,670,000","1,715,000","1,868,000","3,121,000","248,000","658,000
"
1940,"2,845,000",n/a,"499,000","1,955,000","6,950,000","1,130,000","1,708,000","269,000","1,915,000","3,119,000",n/a,"522,000","7,905,000","3,433,000","2,537,000","1,788,000","2,859,000","2,370,000","849,000","1,839,000","4,318,000","5,315,000","2,790,000","2,176,000","3,786,000","558,000","1,316,000","113,000","492,000","4,175,000","531,000","13,456,000","3,574,000","640,000","6,929,000","2,325,000","1,086,000","9,896,000","719,000","1,902,000","641,000","2,935,000","6,425,000","552,000","363,000","2,720,000","1,740,000","1,907,000","3,143,000","250,000","690,000
"
1941,"2,902,000",n/a,"490,000","1,969,000","7,237,000","1,124,000","1,746,000","275,000","2,017,000","3,179,000",n/a,"501,000","7,995,000","3,483,000","2,491,000","1,765,000","2,824,000","2,484,000","852,000","1,913,000","4,389,000","5,472,000","2,718,000","2,184,000","3,811,000","543,000","1,272,000","120,000","490,000","4,254,000","506,000","13,267,000","3,589,000","615,000","6,958,000","2,262,000","1,071,000","9,911,000","731,000","1,962,000","613,000","2,973,000","6,585,000","551,000","348,000","2,855,000","1,789,000","1,885,000","3,140,000","247,000","764,000
"
1942,"2,941,000",n/a,"524,000","1,977,000","7,735,000","1,113,000","1,792,000","279,000","2,151,000","3,209,000",n/a,"478,000","8,057,000","3,507,000","2,439,000","1,760,000","2,797,000","2,546,000","839,000","1,998,000","4,370,000","5,549,000","2,662,000","2,210,000","3,829,000","518,000","1,239,000","137,000","481,000","4,297,000","502,000","13,002,000","3,569,000","583,000","6,969,000","2,215,000","1,107,000","9,704,000","748,000","2,007,000","589,000","2,939,000","6,711,000","575,000","343,000","3,038,000","1,901,000","1,831,000","3,053,000","251,000","851,000
"
1943,"2,902,000",n/a,"692,000","1,843,000","8,506,000","1,153,000","1,792,000","282,000","2,451,000","3,245,000",n/a,"500,000","7,761,000","3,449,000","2,334,000","1,796,000","2,693,000","2,565,000","806,000","2,089,000","4,257,000","5,405,000","2,577,000","2,280,000","3,705,000","485,000","1,241,000","151,000","462,000","4,226,000","534,000","12,807,000","3,654,000","546,000","6,868,000","2,205,000","1,221,000","9,444,000","760,000","1,967,000","587,000","2,972,000","7,012,000","631,000","327,000","3,130,000","2,027,000","1,741,000","3,014,000","247,000","900,000
"
1944,"2,802,000",n/a,"610,000","1,768,000","8,945,000","1,137,000","1,778,000","285,000","2,420,000","3,176,000",n/a,"529,000","7,719,000","3,440,000","2,301,000","1,779,000","2,631,000","2,508,000","801,000","2,118,000","4,192,000","5,467,000","2,526,000","2,167,000","3,560,000","469,000","1,216,000","153,000","456,000","4,158,000","527,000","12,628,000","3,560,000","534,000","6,918,000","2,043,000","1,233,000","9,214,000","795,000","1,943,000","565,000","2,868,000","6,876,000","605,000","314,000","3,248,000","2,092,000","1,706,000","2,980,000","242,000","881,000
"
1945,"2,775,000",n/a,"594,000","1,762,000","9,344,000","1,116,000","1,769,000","286,000","2,465,000","3,119,000",n/a,"507,000","7,601,000","3,427,000","2,308,000","1,731,000","2,597,000","2,429,000","800,000","2,096,000","4,201,000","5,475,000","2,537,000","2,090,000","3,516,000","477,000","1,211,000","149,000","459,000","4,108,000","537,000","12,495,000","3,533,000","546,000","6,916,000","2,028,000","1,250,000","9,143,000","776,000","1,934,000","579,000","2,878,000","6,826,000","591,000","315,000","3,193,000","2,206,000","1,708,000","2,961,000","239,000","876,000
"
1946,"2,911,000",n/a,"616,000","1,797,000","9,559,000","1,203,000","1,906,000","299,000","2,440,000","3,242,000",n/a,"509,000","8,155,000","3,702,000","2,467,000","1,805,000","2,761,000","2,556,000","832,000","2,214,000","4,494,000","5,874,000","2,734,000","2,064,000","3,746,000","514,000","1,256,000","143,000","494,000","4,492,000","561,000","13,398,000","3,706,000","570,000","7,512,000","2,128,000","1,338,000","9,866,000","770,000","1,936,000","588,000","3,074,000","7,197,000","638,000","342,000","3,212,000","2,288,000","1,826,000","3,167,000","254,000","899,000
"
1947,"2,942,000",n/a,"653,000","1,836,000","9,832,000","1,237,000","1,967,000","305,000","2,528,000","3,272,000",n/a,"522,000","8,341,000","3,779,000","2,509,000","1,853,000","2,803,000","2,579,000","854,000","2,248,000","4,580,000","6,076,000","2,796,000","2,107,000","3,845,000","531,000","1,265,000","149,000","507,000","4,618,000","582,000","13,982,000","3,769,000","578,000","7,705,000","2,133,000","1,361,000","10,196,000","776,000","1,992,000","601,000","3,166,000","7,388,000","636,000","354,000","3,201,000","2,211,000","1,883,000","3,250,000","258,000","888,000
"
1948,"2,969,000",n/a,"690,000","1,825,000","10,064,000","1,263,000","2,014,000","312,000","2,578,000","3,259,000",n/a,"551,000","8,552,000","3,877,000","2,543,000","1,892,000","2,817,000","2,596,000","878,000","2,271,000","4,674,000","6,213,000","2,868,000","2,076,000","3,844,000","542,000","1,265,000","156,000","520,000","4,774,000","604,000","14,497,000","3,837,000","580,000","7,876,000","2,089,000","1,405,000","10,287,000","787,000","1,996,000","612,000","3,216,000","7,626,000","653,000","359,000","3,207,000","2,255,000","1,899,000","3,314,000","269,000","840,000
"
1949,"3,000,000",n/a,"714,000","1,844,000","10,337,000","1,295,000","2,032,000","316,000","2,668,000","3,325,000",n/a,"570,000","8,670,000","3,958,000","2,578,000","1,925,000","2,849,000","2,634,000","903,000","2,329,000","4,741,000","6,332,000","2,935,000","2,085,000","3,882,000","569,000","1,302,000","157,000","533,000","4,889,000","644,000","14,892,000","3,911,000","597,000","7,973,000","2,105,000","1,431,000","10,390,000","801,000","2,029,000","631,000","3,236,000","7,623,000","671,000","369,000","3,292,000","2,294,000","1,930,000","3,391,000","277,000","807,000
"
1950,"3,058,000","135,000","756,000","1,908,000","10,677,000","1,325,000","2,016,000","321,000","2,810,000","3,458,000","498,000","590,000","8,738,000","3,967,000","2,625,000","1,916,000","2,936,000","2,697,000","917,000","2,355,000","4,686,000","6,407,000","2,997,000","2,176,000","3,964,000","593,000","1,327,000","162,000","532,000","4,872,000","689,000","14,865,000","4,068,000","619,000","7,980,000","2,229,000","1,532,000","10,507,000","786,000","2,113,000","655,000","3,315,000","7,776,000","696,000","379,000","3,315,000","2,387,000","2,006,000","3,438,000","290,000","806,000
"
1951,"3,059,000","158,000","785,000","1,901,000","11,134,000","1,326,000","2,028,000","331,000","2,980,000","3,531,000","514,000","589,000","8,790,000","4,096,000","2,617,000","1,950,000","2,941,000","2,769,000","916,000","2,441,000","4,654,000","6,497,000","3,010,000","2,163,000","4,015,000","596,000","1,316,000","168,000","529,000","5,006,000","717,000","14,890,000","4,120,000","604,000","8,061,000","2,210,000","1,556,000","10,461,000","784,000","2,167,000","655,000","3,372,000","8,111,000","706,000","378,000","3,434,000","2,424,000","1,984,000","3,439,000","291,000","808,000
"
1952,"3,068,000","189,000","842,000","1,838,000","11,635,000","1,365,000","2,081,000","341,000","3,157,000","3,584,000","517,000","587,000","8,956,000","4,148,000","2,626,000","1,977,000","2,920,000","2,842,000","915,000","2,500,000","4,650,000","6,650,000","3,030,000","2,152,000","3,972,000","602,000","1,311,000","181,000","535,000","5,125,000","735,000","15,192,000","4,109,000","608,000","8,275,000","2,219,000","1,582,000","10,503,000","802,000","2,178,000","651,000","3,352,000","8,314,000","724,000","375,000","3,504,000","2,448,000","1,957,000","3,469,000","293,000","805,000
"
1953,"3,053,000","205,000","894,000","1,780,000","12,251,000","1,431,000","2,168,000","351,000","3,310,000","3,558,000","510,000","596,000","9,065,000","4,182,000","2,629,000","1,994,000","2,903,000","2,866,000","913,000","2,567,000","4,806,000","6,822,000","3,050,000","2,105,000","4,020,000","616,000","1,318,000","195,000","547,000","5,229,000","756,000","15,527,000","4,120,000","609,000","8,591,000","2,182,000","1,601,000","10,662,000","815,000","2,181,000","648,000","3,319,000","8,336,000","739,000","379,000","3,557,000","2,466,000","1,929,000","3,506,000","290,000","810,000
"
1954,"3,014,000","215,000","933,000","1,734,000","12,746,000","1,493,000","2,249,000","368,000","3,505,000","3,602,000","505,000","600,000","9,252,000","4,264,000","2,626,000","2,042,000","2,902,000","2,883,000","927,000","2,685,000","4,910,000","7,066,000","3,113,000","2,064,000","4,066,000","624,000","1,340,000","213,000","554,000","5,360,000","763,000","15,814,000","4,131,000","611,000","8,873,000","2,209,000","1,626,000","10,817,000","816,000","2,176,000","655,000","3,359,000","8,382,000","750,000","377,000","3,555,000","2,516,000","1,905,000","3,608,000","293,000","791,000
"
1955,"3,050,000","222,000","987,000","1,725,000","13,133,000","1,546,000","2,300,000","389,000","3,747,000","3,636,000","539,000","618,000","9,435,000","4,363,000","2,679,000","2,093,000","2,910,000","2,946,000","934,000","2,742,000","4,882,000","7,285,000","3,172,000","2,060,000","4,134,000","636,000","1,374,000","237,000","557,000","5,502,000","785,000","15,966,000","4,242,000","615,000","9,017,000","2,250,000","1,659,000","10,939,000","823,000","2,200,000","663,000","3,415,000","8,660,000","783,000","375,000","3,588,000","2,604,000","1,880,000","3,679,000","307,000","785,000
"
1956,"3,071,000","224,000","1,053,000","1,704,000","13,713,000","1,625,000","2,316,000","408,000","4,047,000","3,701,000","559,000","628,000","9,530,000","4,458,000","2,703,000","2,119,000","2,898,000","3,032,000","938,000","2,811,000","4,891,000","7,467,000","3,240,000","2,086,000","4,163,000","656,000","1,397,000","250,000","566,000","5,615,000","806,000","16,112,000","4,309,000","613,000","9,207,000","2,273,000","1,698,000","10,972,000","840,000","2,229,000","670,000","3,415,000","8,830,000","809,000","377,000","3,722,000","2,668,000","1,857,000","3,742,000","312,000","759,000
"
1957,"3,109,000","231,000","1,125,000","1,733,000","14,264,000","1,664,000","2,359,000","426,000","4,372,000","3,766,000","584,000","642,000","9,668,000","4,529,000","2,716,000","2,128,000","2,928,000","3,115,000","943,000","2,873,000","4,929,000","7,569,000","3,274,000","2,088,000","4,189,000","667,000","1,394,000","260,000","572,000","5,737,000","847,000","16,374,000","4,368,000","612,000","9,410,000","2,282,000","1,712,000","10,954,000","851,000","2,274,000","666,000","3,434,000","9,070,000","826,000","376,000","3,844,000","2,724,000","1,843,000","3,791,000","314,000","763,000
"
1958,"3,163,000","224,000","1,193,000","1,726,000","14,880,000","1,667,000","2,446,000","433,000","4,630,000","3,804,000","605,000","646,000","9,886,000","4,583,000","2,708,000","2,142,000","2,961,000","3,155,000","944,000","2,982,000","5,010,000","7,667,000","3,313,000","2,086,000","4,186,000","666,000","1,383,000","269,000","581,000","5,890,000","886,000","16,601,000","4,376,000","606,000","9,599,000","2,267,000","1,718,000","11,058,000","858,000","2,304,000","656,000","3,471,000","9,252,000","845,000","380,000","3,914,000","2,773,000","1,845,000","3,843,000","315,000","757,000
"
1959,"3,204,000","224,000","1,261,000","1,756,000","15,467,000","1,710,000","2,523,000","441,000","4,808,000","3,868,000","622,000","657,000","9,986,000","4,613,000","2,729,000","2,160,000","2,999,000","3,208,000","957,000","3,066,000","5,117,000","7,767,000","3,366,000","2,138,000","4,258,000","669,000","1,397,000","279,000","596,000","6,015,000","919,000","16,685,000","4,458,000","618,000","9,671,000","2,289,000","1,746,000","11,234,000","857,000","2,348,000","667,000","3,522,000","9,405,000","870,000","387,000","3,951,000","2,821,000","1,855,000","3,891,000","320,000","761,000
"
1960,"3,274,000","229,000","1,321,000","1,789,000","15,870,000","1,769,000","2,544,000","449,000","5,004,000","3,956,000","642,000","671,000","10,086,000","4,674,000","2,756,000","2,183,000","3,041,000","3,260,000","975,000","3,113,000","5,160,000","7,834,000","3,425,000","2,182,000","4,326,000","679,000","1,417,000","291,000","609,000","6,103,000","954,000","16,838,000","4,573,000","634,000","9,734,000","2,336,000","1,772,000","11,329,000","855,000","2,392,000","683,000","3,575,000","9,624,000","900,000","389,000","3,986,000","2,855,000","1,853,000","3,962,000","331,000","765,000
"
1961,"3,316,000","238,000","1,407,000","1,806,000","16,497,000","1,844,000","2,586,000","461,000","5,243,000","4,015,000","659,000","684,000","10,130,000","4,730,000","2,756,000","2,215,000","3,054,000","3,287,000","995,000","3,176,000","5,219,000","7,893,000","3,470,000","2,206,000","4,349,000","696,000","1,446,000","315,000","618,000","6,265,000","965,000","17,061,000","4,663,000","641,000","9,854,000","2,380,000","1,787,000","11,392,000","858,000","2,409,000","693,000","3,622,000","9,820,000","936,000","390,000","4,095,000","2,882,000","1,828,000","4,009,000","337,000","778,000
"
1962,"3,323,000","246,000","1,471,000","1,853,000","17,072,000","1,899,000","2,647,000","469,000","5,458,000","4,086,000","684,000","692,000","10,280,000","4,736,000","2,750,000","2,231,000","3,079,000","3,345,000","994,000","3,263,000","5,263,000","7,933,000","3,513,000","2,243,000","4,357,000","698,000","1,464,000","352,000","632,000","6,376,000","979,000","17,301,000","4,707,000","637,000","9,929,000","2,427,000","1,818,000","11,355,000","871,000","2,423,000","705,000","3,673,000","10,053,000","958,000","393,000","4,180,000","2,942,000","1,809,000","4,049,000","333,000","788,000
"
1963,"3,358,000","256,000","1,521,000","1,875,000","17,668,000","1,936,000","2,727,000","483,000","5,628,000","4,172,000","682,000","683,000","10,402,000","4,799,000","2,747,000","2,217,000","3,096,000","3,377,000","993,000","3,386,000","5,344,000","8,058,000","3,531,000","2,244,000","4,392,000","703,000","1,476,000","397,000","649,000","6,531,000","989,000","17,461,000","4,742,000","644,000","9,986,000","2,439,000","1,853,000","11,424,000","876,000","2,460,000","708,000","3,718,000","10,159,000","974,000","397,000","4,276,000","2,955,000","1,796,000","4,112,000","336,000","798,000
"
1964,"3,395,000","263,000","1,556,000","1,897,000","18,151,000","1,970,000","2,798,000","497,000","5,781,000","4,258,000","700,000","680,000","10,580,000","4,856,000","2,746,000","2,209,000","3,129,000","3,446,000","993,000","3,492,000","5,448,000","8,187,000","3,558,000","2,241,000","4,442,000","706,000","1,482,000","426,000","663,000","6,660,000","1,006,000","17,589,000","4,802,000","649,000","10,080,000","2,446,000","1,888,000","11,519,000","885,000","2,475,000","701,000","3,771,000","10,270,000","978,000","399,000","4,357,000","2,961,000","1,797,000","4,165,000","339,000","798,000
"
1965,"3,443,000","271,000","1,584,000","1,894,000","18,585,000","1,985,000","2,857,000","507,000","5,954,000","4,332,000","704,000","686,000","10,693,000","4,922,000","2,742,000","2,206,000","3,140,000","3,496,000","997,000","3,600,000","5,502,000","8,357,000","3,592,000","2,246,000","4,467,000","706,000","1,471,000","444,000","676,000","6,767,000","1,012,000","17,734,000","4,863,000","649,000","10,201,000","2,440,000","1,937,000","11,620,000","893,000","2,494,000","692,000","3,798,000","10,378,000","994,000","404,000","4,411,000","2,967,000","1,786,000","4,232,000","332,000","797,000
"
1966,"3,464,000","271,000","1,614,000","1,899,000","18,858,000","2,007,000","2,903,000","516,000","6,104,000","4,379,000","710,000","689,000","10,836,000","4,999,000","2,762,000","2,200,000","3,147,000","3,550,000","999,000","3,695,000","5,535,000","8,512,000","3,617,000","2,245,000","4,523,000","707,000","1,456,000","446,000","681,000","6,851,000","1,007,000","17,843,000","4,896,000","647,000","10,330,000","2,454,000","1,969,000","11,664,000","899,000","2,520,000","683,000","3,822,000","10,492,000","1,009,000","413,000","4,456,000","3,057,000","1,775,000","4,274,000","323,000","791,000
"
1967,"3,458,000","278,000","1,646,000","1,901,000","19,176,000","2,053,000","2,935,000","525,000","6,242,000","4,408,000","723,000","688,000","10,947,000","5,053,000","2,793,000","2,197,000","3,172,000","3,581,000","1,004,000","3,757,000","5,594,000","8,630,000","3,659,000","2,228,000","4,539,000","701,000","1,457,000","449,000","697,000","6,928,000","1,000,000","17,935,000","4,952,000","626,000","10,414,000","2,489,000","1,979,000","11,681,000","909,000","2,533,000","671,000","3,859,000","10,599,000","1,019,000","423,000","4,508,000","3,174,000","1,769,000","4,303,000","322,000","791,000
"
1968,"3,446,000","285,000","1,682,000","1,902,000","19,394,000","2,120,000","2,964,000","534,000","6,433,000","4,482,000","734,000","695,000","10,995,000","5,093,000","2,803,000","2,216,000","3,195,000","3,603,000","994,000","3,815,000","5,618,000","8,696,000","3,703,000","2,219,000","4,568,000","700,000","1,467,000","464,000","709,000","7,005,000","994,000","18,051,000","5,004,000","621,000","10,516,000","2,503,000","2,004,000","11,741,000","922,000","2,559,000","669,000","3,878,000","10,819,000","1,029,000","430,000","4,558,000","3,270,000","1,763,000","4,345,000","324,000","778,000
"
1969,"3,440,000","296,000","1,737,000","1,913,000","19,711,000","2,166,000","3,000,000","540,000","6,641,000","4,551,000","750,000","707,000","11,039,000","5,143,000","2,805,000","2,236,000","3,198,000","3,619,000","992,000","3,868,000","5,650,000","8,781,000","3,758,000","2,220,000","4,640,000","694,000","1,474,000","480,000","724,000","7,095,000","1,011,000","18,105,000","5,031,000","621,000","10,563,000","2,535,000","2,062,000","11,741,000","932,000","2,570,000","668,000","3,897,000","11,045,000","1,047,000","437,000","4,614,000","3,343,000","1,746,000","4,378,000","329,000","762,000
"
1970,"3,444,354","302,583","1,775,399","1,923,322","19,971,069","2,209,596","3,032,217","548,104","6,791,418","4,587,930","769,913","713,015","11,110,285","5,195,392","2,825,368","2,249,071","3,220,711","3,644,637","993,722","3,923,897","5,689,170","8,881,826","3,806,103","2,216,994","4,677,623","694,409","1,485,333","488,738","737,681","7,171,112","1,017,055","18,241,391","5,084,411","617,792","10,657,423","2,559,463","2,091,533","11,800,766","949,723","2,590,713","666,257","3,926,018","11,198,655","1,059,273","444,732","4,651,448","3,413,244","1,744,237","4,417,821","332,416","756,668
"
1971,"3,497,076","315,510","1,895,814","1,972,312","20,345,939","2,303,524","3,060,938","564,708","7,158,304","4,711,550","801,644","738,753","11,202,397","5,253,396","2,851,705","2,246,600","3,298,053","3,710,487","1,015,390","4,018,324","5,737,580","8,974,186","3,853,486","2,265,432","4,725,764","710,814","1,504,604","520,018","761,851","7,281,107","1,053,737","18,357,982","5,203,531","626,760","10,734,818","2,618,601","2,151,022","11,886,400","963,107","2,662,269","671,297","4,013,608","11,509,848","1,101,192","454,318","4,750,838","3,447,553","1,770,657","4,462,155","340,285","749,781
"
1972,"3,539,400","324,464","2,008,291","2,018,638","20,585,469","2,404,619","3,068,699","572,913","7,511,463","4,809,490","828,331","763,237","11,251,948","5,302,435","2,860,287","2,256,375","3,335,728","3,761,646","1,034,292","4,073,499","5,760,302","9,028,944","3,869,747","2,307,117","4,758,780","718,732","1,519,013","546,789","781,107","7,335,042","1,078,697","18,339,400","5,301,150","631,119","10,746,993","2,658,646","2,197,297","11,908,233","974,790","2,719,197","677,234","4,094,611","11,759,148","1,135,449","463,143","4,824,472","3,447,885","1,797,648","4,502,412","347,345","742,241
"
1973,"3,579,780","330,543","2,124,438","2,059,256","20,868,728","2,495,868","3,067,814","577,759","7,913,696","4,910,374","851,595","782,074","11,251,367","5,338,277","2,863,715","2,265,603","3,371,024","3,788,375","1,045,655","4,097,974","5,781,172","9,077,956","3,889,332","2,349,546","4,782,645","726,798","1,529,567","568,991","800,951","7,333,083","1,105,529","18,177,063","5,389,852","632,675","10,767,314","2,695,931","2,241,932","11,890,527","975,738","2,776,605","678,715","4,147,401","12,019,543","1,170,040","468,430","4,901,292","3,478,782","1,806,360","4,524,244","354,061","731,488
"
1974,"3,626,499","341,063","2,223,196","2,101,403","21,173,865","2,541,406","3,074,047","581,418","8,298,762","4,999,419","867,978","807,990","11,262,145","5,361,890","2,867,530","2,269,499","3,416,315","3,820,109","1,059,040","4,118,815","5,773,548","9,117,507","3,903,925","2,378,268","4,795,930","736,419","1,539,191","596,822","815,914","7,332,411","1,131,309","18,049,775","5,470,911","634,559","10,765,759","2,734,768","2,285,013","11,870,884","950,615","2,844,749","679,585","4,213,509","12,268,629","1,200,471","473,002","4,971,069","3,549,946","1,815,447","4,545,782","365,501","717,947
"
1975,"3,678,814","376,170","2,284,847","2,159,526","21,537,849","2,586,192","3,082,500","586,589","8,518,422","5,064,075","886,160","831,982","11,291,743","5,365,766","2,880,847","2,280,578","3,467,769","3,886,104","1,071,995","4,139,096","5,757,756","9,117,668","3,932,515","2,399,449","4,808,308","748,208","1,543,117","619,972","828,555","7,337,765","1,159,944","18,003,485","5,547,188","638,886","10,770,425","2,774,683","2,329,661","11,906,095","942,788","2,902,028","681,042","4,275,566","12,568,843","1,236,030","479,713","5,047,395","3,621,339","1,842,250","4,578,986","381,695","706,871
"
1976,"3,735,139","400,969","2,346,157","2,170,161","21,935,909","2,632,306","3,083,335","590,166","8,667,379","5,132,812","904,191","856,983","11,342,853","5,389,088","2,903,082","2,301,001","3,529,257","3,950,605","1,088,412","4,150,539","5,743,672","9,129,205","3,964,680","2,429,756","4,839,029","757,317","1,550,911","646,975","845,248","7,339,745","1,189,295","17,940,541","5,607,964","645,797","10,752,662","2,826,815","2,378,262","11,897,378","946,089","2,943,657","686,390","4,346,928","12,904,089","1,274,928","484,928","5,121,863","3,693,610","1,879,503","4,595,904","396,952","692,295
"
1977,"3,780,403","403,436","2,425,197","2,209,010","22,352,396","2,696,140","3,085,722","591,829","8,856,183","5,219,697","918,259","883,469","11,386,316","5,425,638","2,913,573","2,320,647","3,573,693","4,014,459","1,103,578","4,169,595","5,738,199","9,171,110","3,989,364","2,459,201","4,863,173","769,953","1,556,842","678,333","869,763","7,337,169","1,215,720","17,812,602","5,685,607","649,769","10,771,394","2,870,014","2,446,673","11,893,591","950,230","2,991,681","688,480","4,422,921","13,193,050","1,319,512","491,931","5,193,112","3,776,050","1,908,088","4,626,514","413,354","677,228
"
1978,"3,831,836","404,766","2,515,316","2,243,127","22,835,958","2,766,748","3,091,627","594,776","9,102,032","5,295,751","931,584","910,690","11,412,561","5,470,214","2,918,069","2,335,657","3,609,976","4,068,579","1,113,566","4,183,603","5,736,469","9,217,761","4,015,341","2,487,816","4,889,399","782,317","1,563,884","719,436","891,520","7,350,804","1,238,034","17,680,589","5,759,492","651,301","10,795,581","2,917,336","2,518,298","11,879,396","951,816","3,044,364","688,580","4,486,314","13,500,429","1,367,510","498,109","5,270,240","3,889,073","1,923,395","4,646,108","432,880","665,052
"
1979,"3,866,248","402,753","2,635,571","2,271,333","23,256,880","2,849,234","3,095,917","594,984","9,426,159","5,401,384","953,306","932,627","11,396,837","5,501,174","2,915,739","2,350,906","3,641,804","4,137,665","1,122,563","4,191,160","5,738,404","9,266,268","4,050,316","2,507,069","4,912,430","787,305","1,567,344","765,367","909,074","7,366,512","1,284,722","17,583,838","5,823,491","652,896","10,798,298","2,975,310","2,588,012","11,887,975","950,382","3,090,267","688,335","4,560,473","13,888,371","1,420,238","505,372","5,307,945","4,017,632","1,942,146","4,682,811","454,378","650,016
"
1980,"3,900,368","405,315","2,737,774","2,288,738","23,800,800","2,908,803","3,113,174","594,919","9,839,835","5,486,174","967,710","947,983","11,434,702","5,490,721","2,914,018","2,369,039","3,664,221","4,223,101","1,126,860","4,227,643","5,746,075","9,255,553","4,085,017","2,525,342","4,921,966","788,752","1,572,296","810,215","924,250","7,376,330","1,309,400","17,566,754","5,898,980","654,380","10,800,650","3,040,758","2,641,218","11,868,305","948,773","3,134,502","690,851","4,600,252","14,338,208","1,472,595","512,524","5,368,334","4,154,678","1,951,349","4,712,045","474,185","638,284
"
1981,"3,918,531","418,491","2,810,107","2,293,201","24,285,933","2,977,898","3,128,836","595,975","10,192,774","5,568,345","978,195","962,204","11,443,458","5,480,435","2,907,983","2,384,849","3,670,394","4,283,303","1,133,033","4,261,905","5,768,685","9,209,287","4,111,728","2,539,036","4,932,064","795,328","1,578,515","847,655","936,621","7,407,472","1,332,748","17,567,734","5,956,653","659,505","10,788,330","3,096,164","2,667,982","11,858,567","953,013","3,179,255","689,584","4,627,658","14,746,318","1,515,471","515,594","5,444,097","4,235,731","1,954,124","4,726,343","491,712","636,893
"
1982,"3,925,266","449,606","2,889,861","2,294,257","24,820,009","3,061,564","3,139,013","599,148","10,471,407","5,649,792","993,780","973,721","11,423,412","5,467,922","2,888,189","2,401,202","3,683,445","4,352,608","1,136,684","4,282,923","5,771,222","9,115,198","4,131,450","2,556,777","4,929,451","803,986","1,581,780","881,537","947,719","7,430,968","1,363,823","17,589,738","6,019,101","668,972","10,757,087","3,206,123","2,664,922","11,845,146","954,170","3,207,614","690,597","4,646,041","15,331,415","1,558,314","519,109","5,492,783","4,276,552","1,949,604","4,728,870","506,400","634,174
"
1983,"3,934,102","488,417","2,968,925","2,305,761","25,360,026","3,133,630","3,162,354","605,458","10,749,851","5,728,250","1,012,717","981,869","11,408,818","5,450,395","2,870,543","2,415,531","3,694,484","4,395,316","1,144,772","4,313,327","5,799,407","9,047,754","4,141,456","2,567,717","4,943,733","814,031","1,584,293","901,977","958,134","7,467,785","1,394,361","17,686,905","6,077,056","676,688","10,737,632","3,290,402","2,653,066","11,837,723","956,382","3,234,066","693,008","4,659,749","15,751,676","1,594,943","523,302","5,564,657","4,300,266","1,945,061","4,721,438","510,345","632,433
"
1984,"3,951,820","513,702","3,067,135","2,319,768","25,844,393","3,169,992","3,180,014","611,565","11,039,925","5,834,954","1,027,922","990,839","11,412,132","5,458,322","2,858,618","2,424,086","3,695,453","4,400,477","1,155,635","4,365,243","5,840,773","9,049,452","4,157,706","2,578,051","4,975,278","820,905","1,588,639","924,922","976,864","7,515,473","1,416,717","17,745,684","6,164,006","680,497","10,737,746","3,285,533","2,666,588","11,815,172","961,894","3,271,868","697,249","4,686,737","16,007,086","1,622,342","526,660","5,643,870","4,343,656","1,927,697","4,735,563","504,896","633,382
"
1985,"3,972,523","532,495","3,183,538","2,327,046","26,441,109","3,208,723","3,201,131","618,280","11,351,118","5,962,661","1,039,698","994,051","11,399,806","5,459,211","2,829,684","2,427,405","3,694,826","4,408,118","1,162,936","4,413,071","5,880,733","9,076,293","4,184,302","2,588,102","5,000,268","822,320","1,584,664","951,030","996,753","7,565,528","1,438,361","17,791,672","6,253,954","676,980","10,734,926","3,271,332","2,672,652","11,770,862","968,955","3,303,209","698,402","4,715,296","16,272,734","1,642,910","530,035","5,715,153","4,400,098","1,906,831","4,747,767","499,695","634,549
"
1986,"3,991,569","544,268","3,308,262","2,331,984","27,102,237","3,237,450","3,223,740","627,559","11,667,505","6,084,666","1,051,762","990,224","11,387,257","5,454,108","2,791,970","2,432,619","3,687,809","4,406,919","1,170,126","4,486,957","5,902,678","9,127,775","4,205,212","2,593,597","5,023,068","813,739","1,574,333","980,613","1,025,053","7,622,159","1,462,729","17,833,419","6,321,578","669,512","10,730,268","3,252,735","2,683,528","11,782,752","977,341","3,342,758","696,034","4,738,708","16,561,113","1,662,834","534,066","5,811,700","4,452,720","1,882,350","4,755,618","495,633","638,269
"
1987,"4,015,264","539,309","3,437,103","2,342,355","27,777,158","3,260,480","3,247,291","636,947","11,997,283","6,208,467","1,067,918","984,997","11,391,178","5,473,012","2,767,011","2,445,367","3,683,329","4,344,148","1,184,574","4,565,557","5,935,204","9,187,481","4,235,136","2,588,545","5,056,696","805,063","1,566,547","1,023,376","1,054,289","7,670,742","1,478,520","17,868,848","6,403,700","661,136","10,760,090","3,210,122","2,700,991","11,810,866","989,604","3,380,506","696,036","4,782,927","16,621,791","1,678,119","540,267","5,932,268","4,531,901","1,857,585","4,777,919","476,965","636,930
"
1988,"4,023,844","541,983","3,535,183","2,342,656","28,464,249","3,262,281","3,271,953","647,622","12,306,395","6,316,142","1,079,828","985,664","11,390,183","5,491,735","2,768,388","2,461,996","3,679,999","4,288,863","1,203,840","4,657,904","5,979,982","9,217,998","4,296,166","2,580,352","5,081,736","800,202","1,571,477","1,075,022","1,082,577","7,712,333","1,490,337","17,941,309","6,480,594","655,331","10,798,552","3,167,057","2,741,297","11,845,752","996,408","3,412,096","698,165","4,822,437","16,667,022","1,689,372","549,763","6,036,909","4,639,893","1,830,215","4,822,388","465,101","630,432
"
1989,"4,030,222","547,159","3,622,185","2,346,358","29,218,164","3,275,818","3,283,403","658,273","12,637,715","6,411,099","1,094,588","994,416","11,409,782","5,523,693","2,770,592","2,472,849","3,677,306","4,252,894","1,219,961","4,727,301","6,015,478","9,253,295","4,338,057","2,574,269","5,095,830","799,636","1,574,864","1,137,382","1,104,522","7,726,089","1,503,901","17,983,086","6,565,459","646,351","10,829,217","3,150,307","2,790,575","11,865,996","1,000,666","3,456,775","696,701","4,854,444","16,806,735","1,705,864","557,707","6,120,246","4,746,316","1,806,568","4,856,574","458,374","624,168
"
1990,"4,048,508","553,120","3,679,056","2,354,343","29,950,111","3,303,862","3,289,056","669,063","13,018,365","6,506,531","1,112,703","1,011,882","11,446,979","5,555,097","2,779,769","2,480,683","3,692,584","4,219,179","1,231,296","4,797,431","6,018,664","9,310,462","4,387,283","2,577,426","5,126,370","799,824","1,580,664","1,218,629","1,111,831","7,757,158","1,519,933","18,002,855","6,656,987","637,364","10,861,837","3,147,105","2,858,547","11,895,604","1,004,649","3,499,064","696,667","4,890,626","17,044,714","1,729,722","564,526","6,213,526","4,900,780","1,792,481","4,902,265","453,401","603,814
"
1991,"4,091,025","569,273","3,762,394","2,370,666","30,414,114","3,367,567","3,288,640","680,495","13,289,497","6,621,279","1,131,412","1,038,915","11,535,973","5,602,062","2,791,227","2,495,209","3,714,686","4,240,950","1,235,439","4,856,176","5,998,652","9,395,022","4,427,429","2,591,230","5,157,770","807,837","1,590,805","1,285,046","1,107,055","7,784,269","1,547,115","18,029,532","6,748,135","634,199","10,933,683","3,166,471","2,918,745","11,943,160","1,003,990","3,559,470","701,445","4,946,886","17,339,904","1,771,941","567,141","6,283,853","5,013,443","1,798,212","4,952,675","457,739","593,239
"
1992,"4,139,269","587,073","3,867,333","2,394,098","30,875,920","3,459,995","3,274,997","690,158","13,504,775","6,759,474","1,149,926","1,066,490","11,635,197","5,648,649","2,806,923","2,526,042","3,756,358","4,270,849","1,235,748","4,902,545","5,993,474","9,470,323","4,471,503","2,610,193","5,193,686","822,436","1,602,406","1,330,694","1,112,766","7,827,770","1,580,750","18,082,032","6,831,850","635,427","11,007,609","3,204,174","2,973,934","11,980,819","1,000,571","3,600,576","708,698","5,013,999","17,650,479","1,821,498","570,115","6,383,315","5,139,011","1,805,462","5,004,636","463,491","584,183
"
1993,"4,193,114","596,993","3,993,390","2,423,743","31,147,208","3,560,884","3,272,325","699,475","13,713,593","6,894,092","1,161,508","1,101,204","11,725,984","5,701,965","2,820,525","2,547,605","3,792,288","4,284,749","1,238,256","4,942,504","6,010,884","9,529,240","4,521,709","2,635,574","5,237,757","839,876","1,612,149","1,380,197","1,122,191","7,874,891","1,614,937","18,140,894","6,947,412","637,229","11,070,385","3,228,829","3,034,490","12,022,128","997,852","3,634,507","716,258","5,085,666","17,996,764","1,875,993","574,004","6,464,795","5,247,704","1,816,179","5,055,318","469,033","576,358
"
1994,"4,232,965","600,624","4,147,561","2,450,605","31,317,179","3,653,910","3,268,346","708,416","13,961,798","7,045,900","1,173,903","1,135,459","11,804,986","5,745,626","2,829,422","2,569,118","3,823,215","4,306,500","1,237,687","4,985,411","6,031,352","9,584,481","4,566,028","2,663,450","5,281,206","854,923","1,621,551","1,456,388","1,133,054","7,918,796","1,653,329","18,156,652","7,060,959","639,762","11,111,451","3,246,119","3,087,142","12,042,545","993,412","3,666,456","723,038","5,163,016","18,338,319","1,930,436","578,900","6,536,771","5,334,896","1,818,490","5,095,504","474,982","564,982
"
1995,"4,262,731","601,345","4,306,908","2,480,121","31,493,525","3,738,061","3,265,293","718,265","14,185,403","7,188,538","1,180,490","1,165,000","11,884,935","5,791,819","2,840,860","2,586,942","3,855,248","4,327,978","1,237,438","5,023,650","6,062,335","9,659,871","4,605,445","2,690,788","5,324,610","868,522","1,635,142","1,525,777","1,145,604","7,965,523","1,682,417","18,150,928","7,185,403","641,548","11,155,493","3,265,547","3,141,421","12,044,780","989,203","3,699,943","728,251","5,241,168","18,679,706","1,976,774","582,827","6,601,392","5,431,024","1,820,560","5,137,004","478,447","551,273
"
1996,"4,290,403","604,918","4,432,308","2,504,858","31,780,829","3,812,716","3,267,030","727,090","14,426,911","7,332,225","1,184,434","1,187,706","11,953,003","5,834,908","2,848,473","2,598,266","3,881,051","4,338,763","1,241,436","5,057,142","6,085,393","9,739,184","4,647,723","2,709,925","5,367,888","876,656","1,647,657","1,596,476","1,160,768","8,009,624","1,706,151","18,143,805","7,307,658","642,858","11,187,032","3,289,634","3,195,087","12,038,008","987,858","3,738,974","730,699","5,313,576","19,006,240","2,022,253","586,352","6,665,491","5,509,963","1,818,983","5,173,828","480,085","538,273
"
1997,"4,320,281","608,846","4,552,207","2,524,007","32,217,708","3,891,293","3,268,514","735,024","14,683,350","7,486,094","1,189,322","1,210,638","12,011,509","5,872,370","2,854,396","2,616,339","3,907,816","4,351,390","1,245,215","5,092,914","6,115,476","9,785,450","4,687,726","2,731,826","5,407,113","878,706","1,656,042","1,675,581","1,173,239","8,054,178","1,722,939","18,143,184","7,428,672","640,945","11,212,498","3,314,259","3,243,254","12,015,888","986,966","3,790,066","730,855","5,378,433","19,355,427","2,065,397","588,665","6,732,878","5,604,105","1,815,588","5,200,235","480,031","528,752
"
1998,"4,351,037","615,205","4,667,277","2,538,202","32,682,794","3,968,967","3,272,563","744,066","14,908,230","7,636,522","1,190,472","1,230,923","12,069,774","5,907,617","2,861,025","2,638,667","3,934,310","4,362,758","1,247,554","5,130,072","6,144,407","9,820,231","4,726,411","2,751,335","5,437,562","879,533","1,660,772","1,743,772","1,185,823","8,095,542","1,733,535","18,159,175","7,545,828","637,808","11,237,752","3,339,478","3,282,055","12,002,329","987,704","3,839,578","730,789","5,432,679","19,712,389","2,100,562","590,579","6,789,225","5,687,832","1,811,688","5,222,124","480,045","521,426
"
1999,"4,369,862","619,500","4,778,332","2,551,373","33,145,121","4,056,133","3,282,031","753,538","15,111,244","7,788,240","1,185,497","1,251,700","12,128,370","5,942,901","2,869,413","2,654,052","3,960,825","4,372,035","1,253,040","5,171,634","6,175,169","9,863,775","4,775,508","2,768,619","5,468,338","882,779","1,666,028","1,809,253","1,201,134","8,143,412","1,739,844","18,196,601","7,650,789","633,666","11,256,654","3,358,044","3,316,154","11,994,016","990,819","3,885,736","733,133","5,483,535","20,044,141","2,129,836","593,740","6,872,912","5,756,361","1,806,928","5,250,446","479,602","519,000
"
2000,"4,452,173","627,963","5,160,586","2,678,588","33,987,977","4,326,921","3,411,777","786,373","16,047,515","8,227,303","1,213,519","1,299,430","12,434,161","6,091,866","2,929,067","2,693,681","4,049,021","4,471,885","1,277,072","5,311,034","6,361,104","9,952,450","4,933,692","2,848,353","5,607,285","903,773","1,713,820","2,018,741","1,239,882","8,430,621","1,821,204","19,001,780","8,081,614","642,023","11,363,543","3,454,365","3,429,708","12,284,173","1,050,268","4,024,223","755,844","5,703,719","20,944,499","2,244,502","609,618","7,105,817","5,910,512","1,807,021","5,373,999","494,300","572,046
"
2001,"4,467,634","633,714","5,273,477","2,691,571","34,479,458","4,425,687","3,432,835","795,699","16,356,966","8,377,038","1,225,948","1,319,962","12,488,445","6,127,760","2,931,997","2,702,162","4,068,132","4,477,875","1,285,692","5,374,691","6,397,634","9,991,120","4,982,796","2,852,994","5,641,142","906,961","1,719,836","2,098,399","1,255,517","8,492,671","1,831,690","19,082,838","8,210,122","639,062","11,387,404","3,467,100","3,467,937","12,298,970","1,057,142","4,064,995","757,972","5,750,789","21,319,622","2,283,715","612,223","7,198,362","5,985,722","1,801,481","5,406,835","494,657","574,504
"
2002,"4,480,089","642,337","5,396,255","2,705,927","34,871,843","4,490,406","3,458,749","806,169","16,689,370","8,508,256","1,239,613","1,340,372","12,525,556","6,155,967","2,934,234","2,713,535","4,089,875","4,497,267","1,295,960","5,440,389","6,417,206","10,015,710","5,018,935","2,858,681","5,674,825","911,667","1,728,292","2,173,791","1,269,089","8,552,643","1,855,309","19,137,800","8,326,201","638,168","11,407,889","3,489,080","3,513,424","12,331,031","1,065,995","4,107,795","760,020","5,795,918","21,690,325","2,324,815","615,442","7,286,873","6,052,349","1,805,414","5,445,162","500,017","573,158
"
2003,"4,503,491","648,414","5,510,364","2,724,816","35,253,159","4,528,732","3,484,336","818,003","17,004,085","8,622,793","1,251,154","1,363,380","12,556,006","6,196,638","2,941,999","2,723,004","4,117,170","4,521,042","1,306,513","5,496,269","6,422,565","10,041,152","5,053,572","2,868,312","5,709,403","919,630","1,738,643","2,248,850","1,279,840","8,601,402","1,877,574","19,175,939","8,422,501","638,817","11,434,788","3,504,892","3,547,376","12,374,658","1,071,342","4,150,297","763,729","5,847,812","22,030,931","2,360,137","617,858","7,366,977","6,104,115","1,812,295","5,479,203","503,453","568,502
"
2004,"4,530,729","659,286","5,652,404","2,749,686","35,574,576","4,575,013","3,496,094","830,803","17,415,318","8,769,252","1,273,569","1,391,802","12,589,773","6,233,007","2,953,635","2,734,373","4,146,101","4,552,238","1,313,688","5,546,935","6,412,281","10,055,315","5,087,713","2,889,010","5,747,741","930,009","1,749,370","2,346,222","1,290,121","8,634,561","1,903,808","19,171,567","8,553,152","644,705","11,452,251","3,525,233","3,569,463","12,410,722","1,074,579","4,210,921","770,396","5,910,809","22,394,023","2,401,580","619,920","7,475,575","6,178,645","1,816,438","5,514,026","509,106","567,754
"
2005,"4,569,805","666,946","5,839,077","2,781,097","35,827,943","4,631,888","3,506,956","845,150","17,842,038","8,925,922","1,292,729","1,428,241","12,609,903","6,278,616","2,964,454","2,745,299","4,182,742","4,576,628","1,318,787","5,592,379","6,403,290","10,051,137","5,119,598","2,905,943","5,790,300","940,102","1,761,497","2,432,143","1,298,492","8,651,974","1,932,274","19,132,610","8,705,407","646,089","11,463,320","3,548,597","3,613,202","12,449,990","1,067,916","4,270,150","775,493","5,991,057","22,778,123","2,457,719","621,215","7,577,105","6,257,305","1,820,492","5,546,166","514,157","567,136
"
2006,"4,628,981","675,302","6,029,141","2,821,761","36,021,202","4,720,423","3,517,460","859,268","18,166,990","9,155,813","1,309,731","1,468,669","12,643,955","6,332,669","2,982,644","2,762,931","4,219,239","4,302,665","1,323,619","5,627,367","6,410,084","10,036,081","5,163,555","2,904,978","5,842,704","952,692","1,772,693","2,522,658","1,308,389","8,661,679","1,962,137","19,104,631","8,917,270","649,422","11,481,213","3,594,090","3,670,883","12,510,809","1,063,096","4,357,847","783,033","6,088,766","23,359,580","2,525,507","622,892","7,673,725","6,370,753","1,827,912","5,577,655","522,667","570,681
"
2007,"4,672,840","680,300","6,167,681","2,848,650","36,250,311","4,803,868","3,527,270","871,749","18,367,842","9,349,988","1,315,675","1,505,105","12,695,866","6,379,599","2,999,212","2,783,785","4,256,672","4,375,581","1,327,040","5,653,408","6,431,559","10,001,284","5,207,203","2,928,350","5,887,612","964,706","1,783,440","2,601,072","1,312,540","8,677,885","1,990,070","19,132,335","9,118,037","652,822","11,500,468","3,634,349","3,722,417","12,563,937","1,057,315","4,444,110","791,623","6,175,727","23,831,983","2,597,746","623,481","7,751,000","6,461,587","1,834,052","5,610,775","534,876","574,404
"
2008,"4,718,206","687,455","6,280,362","2,874,554","36,604,337","4,889,730","3,545,579","883,874","18,527,305","9,504,843","1,332,213","1,534,320","12,747,038","6,424,806","3,016,734","2,808,076","4,289,878","4,435,586","1,330,509","5,684,965","6,468,967","9,946,889","5,247,018","2,947,806","5,923,916","976,415","1,796,378","2,653,630","1,315,906","8,711,090","2,010,662","19,212,436","9,309,449","657,569","11,515,391","3,668,976","3,768,748","12,612,285","1,055,003","4,528,996","799,124","6,247,411","24,309,039","2,663,029","624,151","7,833,496","6,562,231","1,840,310","5,640,996","546,043","580,236
"
2009,"4,757,938","698,895","6,343,154","2,896,843","36,961,229","4,972,195","3,561,807","891,730","18,652,644","9,620,846","1,346,717","1,554,439","12,796,778","6,459,325","3,032,870","2,832,704","4,317,074","4,491,648","1,329,590","5,730,388","6,517,613","9,901,591","5,281,203","2,958,774","5,961,088","983,982","1,812,683","2,684,665","1,316,102","8,755,602","2,036,802","19,307,066","9,449,566","664,968","11,528,896","3,717,572","3,808,600","12,666,858","1,053,646","4,589,872","807,067","6,306,019","24,801,761","2,723,421","624,817","7,925,937","6,667,426","1,847,775","5,669,264","559,851","592,228
"
2010,"4,785,822","713,856","6,411,999","2,922,297","37,336,011","5,048,575","3,579,345","899,731","18,852,220","9,714,464","1,363,950","1,570,639","12,840,097","6,490,308","3,050,295","2,858,949","4,349,838","4,545,581","1,327,361","5,788,101","6,564,073","9,876,498","5,310,418","2,970,811","5,996,085","990,575","1,829,865","2,703,493","1,316,517","8,803,580","2,064,950","19,400,867","9,559,488","674,345","11,540,070","3,759,481","3,837,083","12,711,077","1,053,078","4,636,290","816,192","6,356,628","25,245,717","2,774,346","625,792","8,025,376","6,741,911","1,854,176","5,689,268","564,358","605,210
"
2011,"4,801,695","722,572","6,472,867","2,938,430","37,701,901","5,119,661","3,590,537","907,829","19,107,900","9,813,201","1,378,251","1,583,780","12,858,725","6,516,560","3,064,904","2,869,965","4,370,038","4,575,972","1,327,930","5,843,833","6,612,270","9,875,736","5,348,036","2,978,464","6,010,544","997,661","1,842,232","2,718,586","1,318,109","8,842,614","2,078,407","19,521,745","9,651,502","685,242","11,544,757","3,786,527","3,867,644","12,743,995","1,052,020","4,673,054","824,171","6,398,389","25,657,477","2,815,324","626,450","8,110,188","6,822,112","1,854,982","5,708,785","567,631","620,427
"
2012,"4,817,484","731,081","6,556,236","2,949,300","38,062,780","5,191,709","3,594,362","916,881","19,355,257","9,919,000","1,392,766","1,595,590","12,873,763","6,537,632","3,075,935","2,885,966","4,383,465","4,604,744","1,328,592","5,891,819","6,655,829","9,884,781","5,380,615","2,986,137","6,025,281","1,005,163","1,855,487","2,755,245","1,321,297","8,876,000","2,084,594","19,607,140","9,748,181","701,705","11,550,901","3,817,059","3,898,684","12,770,043","1,052,637","4,722,621","834,504","6,455,177","26,094,422","2,855,194","626,138","8,193,422","6,896,325","1,856,313","5,724,888","576,893","635,040
"
2013,"4,833,996","737,259","6,634,997","2,958,765","38,431,393","5,272,086","3,599,341","925,240","19,600,311","9,994,759","1,408,987","1,612,843","12,890,552","6,570,713","3,092,341","2,895,801","4,399,583","4,629,284","1,328,702","5,938,737","6,708,874","9,898,193","5,422,060","2,992,206","6,044,917","1,014,864","1,868,969","2,791,494","1,322,616","8,911,502","2,086,895","19,695,680","9,848,917","723,857","11,572,005","3,853,118","3,928,068","12,781,296","1,053,354","4,771,929","845,510","6,497,269","26,505,637","2,902,787","626,855","8,270,345","6,973,742","1,853,595","5,742,953","583,223","649,111
"
2014,"4,849,377","736,732","6,731,484","2,966,369","38,802,500","5,355,866","3,596,677","935,614","19,893,297","10,097,343","1,419,561","1,634,464","12,880,580","6,596,855","3,107,126","2,904,021","4,413,457","4,649,676","1,330,089","5,976,407","6,745,408","9,909,877","5,457,173","2,994,079","6,063,589","1,023,579","1,881,503","2,839,099","1,326,813","8,938,175","2,085,572","19,746,227","9,943,964","739,482","11,594,163","3,878,051","3,970,239","12,787,209","1,055,173","4,832,482","853,175","6,549,352","26,956,958","2,942,902","626,562","8,326,289","7,061,530","1,850,326","5,757,564","584,153","658,893
"
2015,"4,858,979","738,432","6,828,065","2,978,204","39,144,818","5,456,574","3,590,886","945,934","20,271,272","10,214,860","1,431,603","1,654,930","12,859,995","6,619,680","3,123,899","2,911,641","4,425,092","4,670,724","1,329,328","6,006,401","6,794,422","9,922,576","5,489,594","2,992,333","6,083,672","1,032,949","1,896,190","2,890,845","1,330,608","8,958,013","2,085,109","19,795,791","10,042,802","756,927","11,613,423","3,911,338","4,028,977","12,802,503","1,056,298","4,896,146","858,469","6,600,299","27,469,114","2,995,919","626,042","8,382,993","7,170,351","1,844,128","5,771,337","586,107","672,228
"
